City_ID,City,Lat,Lng,Max Temp,Humidity,Cloudiness,Wind Speed,Country,Current Description
0,Kodiak,57.79,-152.4072,56.71,77,100,8.05,US,overcast clouds
1,Asau,46.4333,26.4,52.72,97,100,3.76,RO,overcast clouds
2,Waingapu,-9.6567,120.2641,79.0,77,28,9.31,ID,scattered clouds
3,Saint-Philippe,-21.3585,55.7679,63.99,83,87,12.01,RE,light rain
4,Upernavik,72.7868,-56.1549,44.74,93,100,33.55,GL,light rain
5,Gari,59.4307,62.3497,49.75,97,11,7.34,RU,few clouds
6,Torbay,47.6666,-52.7314,71.38,85,83,5.64,CA,broken clouds
7,Arcata,40.8665,-124.0828,76.68,86,100,5.99,US,overcast clouds
8,Hamilton,39.1834,-84.5333,85.77,62,20,6.91,US,few clouds
9,Pisco,-13.7,-76.2167,63.01,77,2,2.33,PE,clear sky
10,Georgetown,5.4112,100.3354,76.93,94,20,2.3,MY,few clouds
11,Nyrob,60.733,56.7202,42.49,99,74,5.59,RU,light rain
12,Hermanus,-34.4187,19.2345,54.75,77,24,11.54,ZA,few clouds
13,Codrington,-38.2667,141.9667,52.41,84,71,11.36,AU,broken clouds
14,Pangnirtung,66.1451,-65.7125,47.68,93,100,3.09,CA,light rain
15,Auki,-8.7676,160.7034,83.39,66,78,2.73,SB,broken clouds
16,Yeppoon,-23.1333,150.7333,65.98,94,100,5.97,AU,overcast clouds
17,Khatanga,71.9667,102.5,34.97,84,100,6.02,RU,overcast clouds
18,Saskylakh,71.9167,114.0833,36.99,85,100,10.07,RU,overcast clouds
19,East London,-33.0153,27.9116,63.93,82,100,15.28,ZA,overcast clouds
20,Barrow,71.2906,-156.7887,39.22,93,100,6.91,US,fog
21,Puerto Ayora,-0.7393,-90.3518,68.56,90,87,10.0,EC,overcast clouds
22,Nikolskoye,59.7035,30.7861,44.8,90,88,4.79,RU,overcast clouds
23,Bathsheba,13.2167,-59.5167,82.38,73,31,8.34,BB,scattered clouds
24,Ridgecrest,35.6225,-117.6709,111.02,8,9,3.0,US,clear sky
25,Ushuaia,-54.8,-68.3,36.75,99,100,2.93,AR,light rain
26,Faanui,-16.4833,-151.75,78.76,69,0,20.87,PF,clear sky
27,Wanaka,-44.7,169.15,45.82,92,86,8.37,NZ,overcast clouds
28,Conceicao Do Mato Dentro,-19.0372,-43.425,60.8,46,0,1.74,BR,clear sky
29,Itoman,26.1247,127.6694,79.18,94,75,25.32,JP,shower rain
30,Kapaa,22.0752,-159.319,84.18,65,12,8.01,US,few clouds
31,Lubango,-14.9172,13.4925,62.19,38,2,4.65,AO,clear sky
32,Punta Arenas,-53.15,-70.9167,41.11,93,100,13.58,CL,overcast clouds
33,Rikitea,-23.1203,-134.9692,70.59,71,56,21.63,PF,broken clouds
34,Mnogovershinnyy,53.9353,139.9242,59.4,70,45,4.38,RU,scattered clouds
35,Lienz,46.8289,12.769,60.89,98,61,3.31,AT,broken clouds
36,Jamestown,42.097,-79.2353,77.72,41,96,4.61,US,overcast clouds
37,Bluff,-46.6,168.3333,46.04,78,98,22.66,NZ,light rain
38,Yulara,-25.2406,130.9889,53.06,46,68,15.57,AU,broken clouds
39,Yellowknife,62.456,-114.3525,63.12,67,75,5.75,CA,broken clouds
40,Bara,10.3744,10.7288,68.92,96,76,10.07,NG,light rain
41,Sembe,1.6481,14.5806,67.8,99,74,1.66,CG,broken clouds
42,Namatanai,-3.6667,152.4333,83.82,64,28,9.75,PG,scattered clouds
43,Shizunai,42.3339,142.3669,65.08,70,93,2.44,JP,overcast clouds
44,Brazzaville,-4.2658,15.2832,76.96,64,54,2.37,CG,broken clouds
45,Busselton,-33.65,115.3333,56.89,61,100,14.63,AU,overcast clouds
46,Saldanha,-33.0117,17.9442,54.91,89,85,13.89,ZA,overcast clouds
47,College,64.8569,-147.8028,63.59,63,72,1.01,US,broken clouds
48,Cabo San Lucas,22.8909,-109.9124,82.62,94,100,11.5,MX,mist
49,Tuatapere,-46.1333,167.6833,44.29,90,99,8.68,NZ,light rain
50,Broome,42.2506,-75.833,75.97,55,74,1.01,US,broken clouds
51,Deputatskiy,69.3,139.9,30.0,83,100,5.23,RU,overcast clouds
52,Mawlaik,23.6333,94.4167,75.56,98,81,1.05,MM,broken clouds
53,Vaini,-21.2,-175.2,70.97,65,0,13.15,TO,clear sky
54,Leningradskiy,69.3833,178.4167,39.04,71,94,10.0,RU,overcast clouds
55,Hilo,19.7297,-155.09,90.28,74,0,5.99,US,clear sky
56,Gornopravdinsk,60.05,69.9,54.3,83,100,9.93,RU,overcast clouds
57,Tiksi,71.6872,128.8694,39.33,87,100,12.75,RU,light rain
58,Dumas,35.8656,-101.9732,93.61,21,0,0.0,US,clear sky
59,Albany,42.6001,-73.9662,73.72,54,11,2.77,US,few clouds
60,Kutum,14.2,24.6667,77.83,51,78,10.27,SD,broken clouds
61,Dakar,14.6937,-17.4441,77.88,81,80,10.78,SN,moderate rain
62,Atuona,-9.8,-139.0333,76.12,79,29,23.78,PF,scattered clouds
63,Maues,-3.3836,-57.7186,84.13,50,85,3.04,BR,overcast clouds
64,Zyryanka,65.75,150.85,38.03,95,100,18.07,RU,light rain
65,Cape Town,-33.9258,18.4232,57.11,79,20,11.5,ZA,few clouds
66,Airai,-8.9266,125.4092,64.9,63,5,3.58,TL,clear sky
67,Mahebourg,-20.4081,57.7,68.29,73,20,8.05,MU,few clouds
68,Ust-Nera,64.5667,143.2,45.32,58,63,2.84,RU,broken clouds
69,Mar Del Plata,-38.0023,-57.5575,46.94,70,0,5.99,AR,clear sky
70,Tabou,4.423,-7.3528,74.71,91,16,5.7,CI,few clouds
71,Marsa Matruh,31.3525,27.2453,77.74,76,0,6.22,EG,clear sky
72,La Ronge,55.1001,-105.2842,66.51,43,4,3.22,CA,clear sky
73,Cubuk,40.2386,33.0322,74.77,52,0,0.0,TR,clear sky
74,Bar Harbor,44.3876,-68.2039,65.26,68,0,5.75,US,clear sky
75,Vestmannaeyjar,63.4427,-20.2734,51.73,76,69,5.46,IS,broken clouds
76,Hithadhoo,-0.6,73.0833,80.71,75,61,13.96,MV,broken clouds
77,Bambous Virieux,-20.3428,57.7575,65.21,67,0,13.11,MU,clear sky
78,Souillac,-20.5167,57.5167,68.38,73,20,8.05,MU,few clouds
79,Atar,20.5169,-13.0499,85.89,47,100,6.53,MR,overcast clouds
80,Lima,-12.0432,-77.0282,61.75,74,18,6.87,PE,few clouds
81,Eydhafushi,5.1033,73.0708,79.57,80,55,18.59,MV,broken clouds
82,Uthal,25.8072,66.6219,79.32,85,60,3.31,PK,broken clouds
83,Kambove,-10.8764,26.5969,63.77,52,75,3.49,CD,broken clouds
84,Qaanaaq,77.484,-69.3632,37.08,96,100,4.97,GL,light rain
85,Baddomalhi,31.9928,74.6683,78.78,75,18,5.06,PK,few clouds
86,Saint Anthony,45.0205,-93.218,88.83,57,75,8.05,US,broken clouds
87,Mataura,-46.1927,168.8643,41.41,97,98,6.73,NZ,light rain
88,Portland,45.5234,-122.6762,94.44,41,0,1.01,US,clear sky
89,Inhambane,-23.865,35.3833,64.54,68,0,7.25,MZ,clear sky
90,Tsaratanana,-16.7833,47.65,62.65,75,0,9.66,MG,clear sky
91,Balkhash,46.844,74.9804,73.92,36,12,10.4,KZ,few clouds
92,Temirtau,50.0544,72.9483,69.15,32,49,6.29,KZ,scattered clouds
93,San-Pedro,4.7485,-6.6363,73.38,95,10,4.9,CI,clear sky
94,Mehamn,71.0357,27.8492,44.51,87,100,12.66,NO,light intensity drizzle
95,Xichang,27.8964,102.2634,60.37,96,100,2.13,CN,light rain
96,Eunice,30.4944,-92.4176,86.09,64,94,4.92,US,overcast clouds
97,Sandakan,5.8402,118.1179,76.89,92,100,3.67,MY,overcast clouds
98,Taitung,22.7583,121.1444,80.87,83,75,3.44,TW,broken clouds
99,Puerto Cabello,10.4731,-68.0125,85.55,79,61,10.92,VE,broken clouds
100,Shimoda,34.6667,138.95,77.99,81,45,11.36,JP,scattered clouds
101,Bethel,41.3712,-73.414,73.63,57,19,4.7,US,few clouds
102,North Bend,43.4065,-124.2243,64.17,91,100,5.75,US,overcast clouds
103,Thompson,55.7435,-97.8558,51.98,51,84,5.66,CA,broken clouds
104,Bayburt,40.2589,40.2278,66.99,31,7,3.96,TR,clear sky
105,Katsuura,35.1333,140.3,76.77,87,94,10.6,JP,overcast clouds
106,Port Macquarie,-31.4333,152.9167,57.09,94,75,13.8,AU,light rain
107,Castro,-24.7911,-50.0119,64.49,57,80,2.55,BR,broken clouds
108,Ancud,-41.8697,-73.8203,48.22,84,0,3.91,CL,clear sky
109,Kaduqli,11.0167,29.7167,71.69,90,100,2.48,SD,overcast clouds
110,Ibotirama,-12.1853,-43.2206,75.4,53,16,6.02,BR,few clouds
111,Dikson,73.5069,80.5464,41.52,78,23,8.77,RU,few clouds
112,Port Alfred,-33.5906,26.891,57.18,84,95,1.99,ZA,overcast clouds
113,Mersing,2.4312,103.8405,75.11,93,84,7.27,MY,broken clouds
114,Clifton Springs,-38.15,144.5667,54.68,93,75,9.22,AU,broken clouds
115,Waipawa,-41.4122,175.5153,53.8,83,100,19.62,NZ,light rain
116,Egvekinot,66.3167,-179.1667,38.61,76,70,6.22,RU,broken clouds
117,Amlagora,22.8333,87.3333,80.67,85,39,4.56,IN,moderate rain
118,Meulaboh,4.1363,96.1285,74.05,94,100,5.84,ID,overcast clouds
119,Naze,28.3667,129.4833,79.75,82,98,21.56,JP,overcast clouds
120,Lata,40.1629,-8.3327,57.29,99,44,2.44,PT,scattered clouds
121,Zaton,53.2936,83.8072,49.59,81,20,6.71,RU,few clouds
122,Huilong,31.8111,121.655,76.93,90,49,13.31,CN,scattered clouds
123,Alice Springs,-23.7,133.8833,57.22,26,46,0.0,AU,scattered clouds
124,Monterey,36.2505,-121.2516,104.18,10,0,14.0,US,clear sky
125,Kruisfontein,-34.0033,24.7314,51.89,82,70,5.91,ZA,broken clouds
126,Nome,64.5011,-165.4064,56.16,89,62,3.15,US,light rain
127,Tahe,52.3333,124.7333,59.9,76,92,1.21,CN,overcast clouds
128,Newport,51.5877,-2.9984,65.44,78,75,4.59,GB,broken clouds
129,Komsomolskiy,40.4272,71.7189,70.52,35,0,6.91,UZ,clear sky
130,Baoqing,46.3317,132.2111,62.82,70,5,6.4,CN,clear sky
131,Bredasdorp,-34.5322,20.0403,49.5,80,24,5.5,ZA,few clouds
132,Esperance,-33.8667,121.9,53.69,74,100,20.94,AU,moderate rain
133,Thiruvananthapuram,8.4833,76.9167,78.78,83,75,3.44,IN,mist
134,Labuhan,-6.8844,112.2051,76.48,84,40,9.66,ID,scattered clouds
135,Sitka,57.0531,-135.33,61.86,76,100,12.37,US,light rain
136,Norman Wells,65.282,-126.8329,69.84,32,75,4.61,CA,broken clouds
137,Butaritari,3.0707,172.7902,81.93,77,4,16.55,KI,clear sky
138,Hami,42.8,93.45,69.1,20,1,5.03,CN,clear sky
139,Trelaze,47.45,-0.4667,63.05,96,20,2.3,FR,few clouds
140,Flinders,-34.5833,150.8552,51.19,87,100,10.0,AU,light rain
141,Fort Nelson,58.8053,-122.7002,77.27,30,35,1.54,CA,scattered clouds
142,Mayo,38.8876,-76.5119,83.35,69,0,5.01,US,clear sky
143,Lavrentiya,65.5833,-171.0,44.02,75,73,4.25,RU,broken clouds
144,Bartica,6.4,-58.6167,75.52,95,88,3.04,GY,heavy intensity rain
145,Provideniya,64.3833,-173.3,48.16,66,13,0.02,RU,few clouds
146,Moose Factory,51.2585,-80.6094,77.79,60,58,16.73,CA,broken clouds
147,Tasiilaq,65.6145,-37.6368,41.16,64,97,6.58,GL,overcast clouds
148,Tiznit,29.5833,-9.5,81.18,36,61,3.44,MA,broken clouds
149,Talnakh,69.4865,88.3972,41.09,79,99,1.16,RU,overcast clouds
150,Vostok,46.4856,135.8833,59.94,63,0,1.43,RU,clear sky
151,Garowe,8.4054,48.4845,73.51,66,59,26.11,SO,broken clouds
152,Kamina,-8.7386,24.9906,72.32,47,100,2.95,CD,overcast clouds
153,Balyaga,51.1507,108.921,49.64,92,34,2.82,RU,scattered clouds
154,Timbo,-26.8233,-49.2717,63.91,97,73,2.77,BR,broken clouds
155,Kieta,-6.2167,155.6333,82.33,74,100,1.97,PG,overcast clouds
156,Grindavik,63.8424,-22.4338,50.47,87,0,11.5,IS,clear sky
157,Iqaluit,63.7506,-68.5145,40.73,93,75,8.05,CA,broken clouds
158,Ostrovnoy,68.0531,39.5131,48.15,96,100,24.79,RU,light rain
159,Filadelfia,39.9523,-75.1638,81.48,53,75,14.97,US,broken clouds
160,Zavetnoye,47.1194,43.8903,68.36,31,31,16.75,RU,scattered clouds
161,Byron Bay,-28.65,153.6167,57.16,91,100,9.33,AU,light rain
162,Padang,-0.9492,100.3543,74.12,96,100,4.18,ID,light rain
163,Upata,8.0086,-62.3989,76.19,93,98,2.21,VE,overcast clouds
164,Port-Cartier,50.0334,-66.8654,56.75,71,9,8.86,CA,clear sky
165,Chuy,-33.6971,-53.4616,47.8,74,29,15.39,UY,scattered clouds
166,Hermosillo,29.0667,-110.9667,90.68,60,100,6.91,MX,overcast clouds
167,Gualaquiza,-3.4,-78.55,68.18,81,37,1.57,EC,scattered clouds
168,Ribeira Grande,38.5167,-28.7,72.63,75,100,11.97,PT,overcast clouds
169,Bengkulu,-3.8004,102.2655,74.12,97,100,13.11,ID,overcast clouds
170,San Rafael,-34.6177,-68.3301,57.94,22,0,10.8,AR,clear sky
171,Korla,41.7597,86.1469,68.83,35,6,1.88,CN,clear sky
172,Nanortalik,60.1432,-45.2371,49.44,56,93,19.93,GL,overcast clouds
173,Nago,26.5881,127.9761,81.45,88,100,30.44,JP,moderate rain
174,Omboue,-1.5746,9.2618,75.43,86,50,5.61,GA,scattered clouds
175,Galesong,-5.3166,119.3661,75.22,69,24,3.13,ID,few clouds
176,Sehithwa,-20.4667,22.7167,57.52,24,0,6.67,BW,clear sky
177,Takoradi,4.8845,-1.7554,74.05,93,28,6.91,GH,scattered clouds
178,Borogontsy,62.6683,131.1683,42.06,95,100,7.58,RU,overcast clouds
179,Korem,12.5058,39.5228,56.61,79,54,1.72,ET,broken clouds
180,Havre-Saint-Pierre,50.2334,-63.5986,55.56,76,18,15.05,CA,few clouds
181,Eyl,7.9803,49.8164,75.63,74,12,25.19,SO,few clouds
182,Yar-Sale,66.8333,70.8333,45.37,74,100,17.87,RU,overcast clouds
183,Alyangula,-13.8483,136.4192,73.56,74,23,21.23,AU,few clouds
184,Adrar,20.5022,-10.0711,97.09,19,100,3.74,MR,overcast clouds
185,Yenotayevka,47.2456,47.0281,70.45,34,88,16.28,RU,overcast clouds
186,Geraldton,-28.7667,114.6,57.61,88,100,14.97,AU,overcast clouds
187,Diebougou,10.9667,-3.25,73.54,89,93,3.29,BF,overcast clouds
188,Baracoa,20.3467,-74.4958,80.42,81,70,7.92,CU,broken clouds
189,Gat,31.61,34.7642,79.48,100,3,6.31,IL,clear sky
190,Jiuquan,39.7432,98.5174,66.51,28,69,12.19,CN,broken clouds
191,Bhainsdehi,21.6467,77.6325,72.91,87,16,1.86,IN,few clouds
192,Sisimiut,66.9395,-53.6735,50.4,84,100,20.24,GL,overcast clouds
193,Ankazoabo,-22.2833,44.5167,59.99,69,19,4.47,MG,few clouds
194,Belyy Yar,53.6039,91.3903,48.09,78,0,0.0,RU,clear sky
195,Olafsvik,64.8945,-23.7142,48.52,87,28,10.49,IS,scattered clouds
196,Lahad Datu,5.0268,118.327,76.48,92,100,3.11,MY,overcast clouds
197,Pevek,69.7008,170.3133,36.43,80,100,5.12,RU,overcast clouds
198,Longyearbyen,78.2186,15.6401,44.44,87,75,0.0,SJ,broken clouds
199,Purpe,64.4803,76.6897,44.19,74,100,12.95,RU,overcast clouds
200,Tapejara,-28.0681,-52.0139,56.41,98,100,4.76,BR,overcast clouds
201,Katobu,-4.9408,122.5276,76.59,90,14,4.07,ID,few clouds
202,Carpinteria,34.3989,-119.5185,108.1,42,8,7.02,US,clear sky
203,Ifakara,-8.1333,36.6833,68.27,57,12,5.39,TZ,few clouds
204,Ponta Do Sol,32.6667,-17.1,72.23,83,61,4.92,PT,broken clouds
205,Ulaanbaatar,47.9077,106.8832,39.33,93,40,2.24,MN,scattered clouds
206,Chiang Khong,20.2613,100.4046,72.12,97,83,0.56,TH,broken clouds
207,New Norfolk,-42.7826,147.0587,49.91,67,14,2.48,AU,few clouds
208,Kangaatsiaq,68.3065,-53.4641,44.92,92,100,21.39,GL,light rain
209,Kununurra,-15.7667,128.7333,75.18,46,0,12.66,AU,clear sky
210,Kushima,31.4583,131.2333,80.06,87,82,9.8,JP,moderate rain
211,Mayumba,-3.432,10.6554,72.97,89,23,5.41,GA,few clouds
212,Cockburn Town,21.4612,-71.1419,83.05,74,3,17.16,TC,clear sky
213,Kirkenaer,60.4564,12.0582,48.56,97,100,3.09,NO,overcast clouds
214,Kautokeino,69.0125,23.0412,39.78,78,100,12.21,NO,overcast clouds
215,Krasnoselkup,65.7,82.4667,41.83,67,69,6.73,RU,broken clouds
216,Hobart,-42.8794,147.3294,50.25,74,75,9.22,AU,broken clouds
217,Sao Filipe,14.8961,-24.4956,78.24,87,62,10.92,CV,light rain
218,Mao,39.8885,4.2658,77.56,94,20,4.61,ES,few clouds
219,Alta Floresta,-9.8756,-56.0861,81.99,24,6,4.05,BR,clear sky
220,Maragogi,-9.0122,-35.2225,74.55,79,6,10.07,BR,clear sky
221,Bubaque,11.2833,-15.8333,78.87,81,93,12.33,GW,moderate rain
222,Iracoubo,5.4802,-53.2011,80.04,82,86,12.46,GF,overcast clouds
223,Fairbanks,64.8378,-147.7164,63.61,62,74,3.89,US,broken clouds
224,Coahuayana,18.7333,-103.6833,87.39,66,98,8.52,MX,overcast clouds
225,Brae,60.3964,-1.353,55.09,90,46,14.18,GB,scattered clouds
226,Tateyama,34.9833,139.8667,77.09,85,100,8.68,JP,overcast clouds
227,Lukovetskiy,64.2956,41.9211,41.77,99,100,1.36,RU,overcast clouds
228,Coquimbo,-29.9533,-71.3436,55.96,84,20,3.85,CL,few clouds
229,Solnechnyy,50.7214,136.6319,61.61,71,38,4.79,RU,scattered clouds
230,Birnin Kebbi,12.4539,4.1975,72.82,91,98,11.01,NG,overcast clouds
231,Ilulissat,69.2167,-51.1,41.94,98,100,5.48,GL,light rain
232,Hofn,64.2539,-15.2082,50.38,90,90,14.63,IS,overcast clouds
233,Majenang,-7.2975,108.7642,74.7,93,98,1.83,ID,overcast clouds
234,Jaguaribe,-5.8906,-38.6219,82.87,42,3,9.01,BR,clear sky
235,Pahrump,36.2083,-115.9839,109.45,11,77,3.0,US,broken clouds
236,Cervo,43.6702,-7.4101,58.96,75,1,5.53,ES,clear sky
237,Port Elizabeth,-33.918,25.5701,54.1,80,84,10.87,ZA,broken clouds
238,Isangel,-19.55,169.2667,76.26,60,92,13.65,VU,overcast clouds
239,Saint-Pierre,-21.3393,55.4781,68.92,88,75,5.75,RE,broken clouds
240,Huatulco,15.8436,-96.3267,75.87,92,100,9.22,MX,overcast clouds
241,Awjilah,29.1081,21.2869,80.53,52,0,9.78,LY,clear sky
242,Tonj,7.2737,28.6822,69.01,96,67,7.96,SS,broken clouds
243,Zhuanghe,39.7008,122.9911,67.08,88,100,9.19,CN,overcast clouds
244,Layou,13.2,-61.2667,80.1,72,62,1.61,VC,broken clouds
245,Carnarvon,-24.8667,113.6333,65.19,74,6,11.23,AU,clear sky
246,Clyde River,70.4692,-68.5914,36.75,97,72,4.56,CA,broken clouds
247,Lebu,-37.6167,-73.65,49.33,84,16,18.72,CL,few clouds
248,Ust-Maya,60.4167,134.5333,42.15,91,99,7.14,RU,overcast clouds
249,Samarai,-10.6167,150.6667,81.73,77,19,12.17,PG,few clouds
250,Avarua,-21.2078,-159.775,78.85,83,75,9.22,CK,broken clouds
251,Sampit,-2.5333,112.95,74.41,96,97,0.51,ID,overcast clouds
252,Inyonga,-6.7167,32.0667,67.82,34,66,7.07,TZ,broken clouds
253,Port Hardy,50.6996,-127.4199,64.26,76,100,1.28,CA,overcast clouds
254,Itarema,-2.9248,-39.9167,78.03,81,53,18.14,BR,broken clouds
255,Komatipoort,-25.4332,31.9548,62.74,45,0,4.05,ZA,clear sky
256,Hobyo,5.3505,48.5268,75.6,80,79,24.74,SO,broken clouds
257,Kanigoro,-8.13,112.219,72.5,92,41,3.62,ID,scattered clouds
258,Reconquista,-29.15,-59.65,57.45,52,0,9.86,AR,clear sky
259,West Bay,19.3667,-81.4167,86.0,78,40,8.05,KY,scattered clouds
260,Touros,-5.1989,-35.4608,75.97,82,8,14.36,BR,clear sky
261,Harper,4.375,-7.7169,75.6,88,40,6.71,LR,scattered clouds
262,Batemans Bay,-35.7167,150.1833,54.1,58,86,9.62,AU,overcast clouds
263,Healdsburg,38.6105,-122.8692,107.1,31,0,9.22,US,haze
264,Morant Bay,17.8815,-76.4093,77.7,78,92,7.18,JM,overcast clouds
265,Birao,10.2849,22.7882,70.99,98,100,3.96,CF,overcast clouds
266,Tarko-Sale,64.9225,77.785,43.95,79,97,10.27,RU,overcast clouds
267,Nouadhibou,20.931,-17.0347,74.25,86,20,13.15,MR,light rain
268,Suez,29.9737,32.5263,75.88,81,0,9.31,EG,clear sky
269,Shingu,33.7333,135.9833,79.74,83,20,6.46,JP,few clouds
270,Panguna,-6.3164,155.4848,77.49,71,100,3.22,PG,overcast clouds
271,Husavik,66.0449,-17.3389,50.61,90,5,3.96,IS,clear sky
272,Richards Bay,-28.783,32.0377,67.06,59,0,13.47,ZA,clear sky
273,Batagay,67.6333,134.6333,40.39,93,100,4.65,RU,overcast clouds
274,Arraial Do Cabo,-22.9661,-42.0278,69.82,74,0,29.51,BR,clear sky
275,Qaqortoq,60.7167,-46.0333,48.72,71,98,5.97,GL,overcast clouds
276,Bhatapara,21.7333,81.9333,79.92,81,82,4.76,IN,broken clouds
277,Konongo,6.6167,-1.2167,69.84,98,73,1.43,GH,broken clouds
278,Cherskiy,68.75,161.3,40.98,83,100,7.63,RU,moderate rain
279,La Llanada,1.49,-77.5835,52.25,93,72,4.16,CO,moderate rain
280,Adre,13.4667,22.2,72.86,86,92,6.38,TD,overcast clouds
281,Jardim,-21.4803,-56.1381,76.62,60,48,8.84,BR,scattered clouds
282,Khovu-Aksy,51.1333,93.6,50.76,81,87,3.91,RU,overcast clouds
283,Morococha,-11.5997,-76.1411,38.48,76,88,4.99,PE,overcast clouds
284,Bairiki,1.3292,172.9752,81.66,74,43,16.2,KI,scattered clouds
285,Saint-Francois,46.4154,3.9054,62.04,100,81,3.44,FR,broken clouds
286,Maceio,-9.6658,-35.7353,71.04,94,20,5.75,BR,few clouds
287,Bardiyah,31.7561,25.0865,77.58,76,0,4.94,LY,clear sky
288,Niles,42.0189,-87.8028,84.65,53,75,10.36,US,broken clouds
289,Maniitsoq,65.4167,-52.9,43.47,98,100,20.56,GL,heavy intensity rain
290,Maningrida,-12.0667,134.2667,76.41,66,10,15.05,AU,clear sky
291,Ruwi,23.5996,58.5507,82.09,63,72,5.5,OM,broken clouds
292,Faya,18.3851,42.4509,67.77,39,13,4.54,SA,few clouds
293,Palmer,42.1584,-72.3287,72.07,64,0,2.53,US,clear sky
294,Bouca,6.5105,18.2733,67.87,98,98,2.82,CF,light rain
295,Tuktoyaktuk,69.4541,-133.0374,55.42,64,68,7.0,CA,broken clouds
296,Rocha,-34.4833,-54.3333,44.56,79,21,13.18,UY,few clouds
297,Bonthe,7.5264,-12.505,74.79,90,95,3.67,SL,light rain
298,Mikhaylovka,50.06,43.2379,50.7,45,2,7.81,RU,clear sky
299,Urucara,-2.5364,-57.76,81.72,57,67,1.61,BR,broken clouds
300,Langsa,4.4683,97.9683,72.9,96,97,3.02,ID,overcast clouds
301,Nemuro,43.3236,145.575,63.57,74,77,2.13,JP,broken clouds
302,Soe,-9.8607,124.284,70.11,75,43,4.21,ID,scattered clouds
303,Waynesville,35.4887,-82.9887,76.39,82,100,1.99,US,overcast clouds
304,Bud,39.447,-86.1758,84.81,65,100,4.12,US,overcast clouds
305,Ankpa,7.3706,7.6253,67.86,97,100,3.85,NG,overcast clouds
306,Saint George,37.1041,-113.5841,108.25,10,0,6.91,US,clear sky
307,San Quintin,30.4833,-115.95,82.33,58,2,11.65,MX,clear sky
308,Tiarei,-17.5333,-149.3333,82.42,71,11,19.98,PF,few clouds
309,Pokhara,28.2333,83.9833,71.35,92,94,1.23,NP,overcast clouds
310,Darovskoy,58.77,47.9564,43.61,93,100,8.57,RU,overcast clouds
311,Vila Velha,-20.3297,-40.2925,70.95,83,0,1.01,BR,clear sky
312,Ulcinj,41.9294,19.2244,71.82,79,18,4.54,ME,few clouds
313,Chingola,-12.529,27.8838,61.36,54,36,6.51,ZM,scattered clouds
314,Mahabad,36.7631,45.7222,70.5,23,1,2.01,IR,clear sky
315,Bilibino,68.0546,166.4372,44.85,94,100,2.8,RU,moderate rain
316,Horta,38.5333,-28.6333,71.85,74,99,10.33,PT,overcast clouds
317,Playa Vicente,17.8333,-95.8167,79.65,91,95,8.3,MX,overcast clouds
318,Virginia Beach,36.8529,-75.978,84.02,68,6,9.53,US,clear sky
319,Northam,51.0333,-4.2167,63.39,96,96,6.51,GB,overcast clouds
320,Sao Jose Da Coroa Grande,-8.8978,-35.1478,74.46,80,25,10.45,BR,scattered clouds
321,Whitehorse,60.7161,-135.0538,56.17,63,100,18.41,CA,overcast clouds
322,Ko Samui,9.5357,99.9357,82.6,78,99,11.45,TH,overcast clouds
323,Amudat,1.95,34.95,67.87,77,79,3.0,UG,broken clouds
324,Lakeland Highlands,27.9597,-81.9501,79.66,86,100,19.57,US,overcast clouds
325,Nambucca Heads,-30.65,153.0,58.17,96,100,8.03,AU,moderate rain
326,Atyrau,47.1167,51.8833,75.22,94,18,6.71,KZ,mist
327,Lagoa,39.05,-27.9833,70.92,76,37,14.99,PT,scattered clouds
328,Hvide Sande,56.0045,8.1294,53.1,71,100,16.24,DK,overcast clouds
329,Davila,18.4726,120.5763,80.67,88,100,25.59,PH,heavy intensity rain
330,Aswan,24.0934,32.907,90.0,25,24,14.65,EG,few clouds
331,Yichun,47.7,128.9,59.65,74,24,2.3,CN,few clouds
332,Baruun-Urt,46.6806,113.2792,59.0,55,95,5.12,MN,overcast clouds
333,Iberia,29.9502,-91.7507,87.87,70,0,6.91,US,clear sky
334,Umm Lajj,25.0213,37.2685,84.16,83,75,10.27,SA,broken clouds
335,Port Huron,42.9709,-82.4249,80.87,53,0,5.01,US,clear sky
336,Hervey Bay,-25.2986,152.8535,64.45,91,100,7.81,AU,overcast clouds
337,Kashi,39.4547,75.9797,67.35,44,1,2.82,CN,clear sky
338,Salina Cruz,16.1667,-95.2,83.01,76,100,11.07,MX,overcast clouds
339,Sterling,39.0062,-77.4286,84.69,58,75,8.99,US,broken clouds
340,Bowen,-20.0167,148.2333,68.61,83,100,15.5,AU,overcast clouds
341,Gorom-Gorom,14.4439,-0.2361,78.31,76,86,18.3,BF,light rain
342,Namibe,-15.1961,12.1522,62.98,86,100,4.25,AO,overcast clouds
343,Kavieng,-2.5744,150.7967,84.61,64,98,15.59,PG,overcast clouds
344,Sobolevo,54.4299,31.8996,40.98,78,9,5.28,RU,clear sky
345,Cutlerville,42.8409,-85.6636,83.79,67,75,5.75,US,broken clouds
346,Constitucion,-35.3333,-72.4167,53.87,73,0,9.42,CL,clear sky
347,Bilma,18.6853,12.9164,92.08,23,3,5.68,NE,clear sky
348,Lompoc,34.6391,-120.4579,101.01,59,7,4.0,US,clear sky
349,Durango,24.8333,-104.8333,70.0,69,100,11.27,MX,overcast clouds
350,Paveh,35.0434,46.3565,73.65,15,0,5.32,IR,clear sky
351,Karratha,-20.7377,116.8463,67.26,85,100,3.69,AU,light rain
352,Mount Isa,-20.7333,139.5,56.97,67,100,17.27,AU,overcast clouds
353,Evensk,61.95,159.2333,50.76,98,100,9.17,RU,overcast clouds
354,Sweetwater,25.7634,-80.3731,87.82,73,75,10.36,US,broken clouds
355,Abu Samrah,35.3029,37.1841,83.93,50,15,3.91,SY,few clouds
356,Playa Del Carmen,20.6274,-87.0799,86.02,76,75,9.22,MX,broken clouds
357,Salisbury,51.0693,-1.7957,62.46,87,20,4.61,GB,few clouds
358,Hasaki,35.7333,140.8333,73.8,87,84,13.27,JP,broken clouds
359,Povenets,62.8487,34.8262,43.23,91,28,11.3,RU,scattered clouds
360,Progreso,21.2833,-89.6667,84.31,74,99,8.23,MX,overcast clouds
361,Ukiah,39.1502,-123.2078,104.43,20,0,10.36,US,clear sky
362,Peterhead,57.5058,-1.7981,61.5,87,100,18.99,GB,overcast clouds
363,Tocopilla,-22.092,-70.1979,62.17,74,20,9.86,CL,few clouds
364,Tondano,1.3038,124.9112,69.89,80,96,3.02,ID,overcast clouds
365,Saint Simons,31.1352,-81.3901,84.24,72,75,5.75,US,broken clouds
366,Fukuma,33.7667,130.4667,79.29,86,100,9.42,JP,light rain
367,Jacareacanga,-6.2222,-57.7528,85.89,35,66,3.02,BR,broken clouds
368,Carutapera,-1.195,-46.02,78.91,81,8,9.75,BR,clear sky
369,Victoria,22.2855,114.1577,82.33,68,14,15.01,HK,few clouds
370,Menongue,-14.6585,17.691,55.98,32,2,5.39,AO,clear sky
371,Vardo,70.3705,31.1107,44.58,93,100,19.57,NO,overcast clouds
372,Kismayo,-0.3582,42.5454,74.84,80,17,17.6,SO,few clouds
373,Gimli,50.6336,-96.9907,67.03,44,40,17.65,CA,scattered clouds
374,Bull Savanna,17.8868,-77.5902,77.45,83,100,6.6,JM,overcast clouds
375,Aragarcas,-15.8975,-52.2508,79.3,24,5,4.92,BR,clear sky
376,Lagunas,-5.2269,-75.6753,85.37,53,55,3.74,PE,broken clouds
377,Masallatah,32.6167,14.0,75.97,72,0,7.9,LY,clear sky
378,Cukai,4.25,103.4167,75.78,92,97,3.58,MY,overcast clouds
379,Wang Saphung,17.301,101.7685,74.82,91,100,1.97,TH,moderate rain
380,Kuytun,54.3419,101.5036,42.22,83,100,17.09,RU,overcast clouds
381,Auriflama,-20.6856,-50.5547,77.4,29,0,8.21,BR,clear sky
382,Quelimane,-17.8786,36.8883,66.63,69,100,4.54,MZ,overcast clouds
383,Calama,-22.4667,-68.9333,63.09,8,0,13.8,CL,clear sky
384,Santa Maria,-29.6842,-53.8069,56.26,85,64,9.04,BR,broken clouds
385,Petropavlovsk-Kamchatskiy,53.0452,158.6483,59.59,67,0,8.95,RU,clear sky
386,Am Timan,11.0297,20.2827,68.54,90,84,20.29,TD,moderate rain
387,Jumla,29.2747,82.1838,58.6,93,69,1.5,NP,broken clouds
388,Kabin Buri,13.9511,101.7177,76.71,93,100,1.25,TH,overcast clouds
389,Taltal,-25.4,-70.4833,61.18,63,18,5.95,CL,few clouds
390,Ixtapa,20.7,-105.2,89.22,66,75,11.5,MX,broken clouds
391,Rundu,-17.9333,19.7667,58.14,29,0,6.4,NA,clear sky
392,Ouadda,8.0777,22.4007,67.53,99,100,0.29,CF,light rain
393,Pareora,-44.4871,171.2132,59.18,48,85,4.23,NZ,overcast clouds
394,Kunming,25.0389,102.7183,62.62,95,98,3.4,CN,overcast clouds
395,Westport,41.1415,-73.3579,74.89,54,22,3.0,US,few clouds
396,Ballina,-28.8667,153.5667,57.24,99,100,8.93,AU,light rain
397,Dingle,10.9995,122.6711,78.53,90,100,5.79,PH,overcast clouds
398,Acapulco,16.8634,-99.8901,83.41,84,100,3.58,MX,overcast clouds
399,Shakiso,5.75,38.9167,60.49,76,99,0.98,ET,overcast clouds
400,Vuktyl,63.8567,57.3094,42.96,96,100,3.94,RU,light rain
401,Klaksvik,62.2266,-6.589,56.32,96,50,16.98,FO,scattered clouds
402,Chokurdakh,70.6333,147.9167,37.22,74,100,11.1,RU,overcast clouds
403,Artyom,40.4723,50.333,69.94,60,0,6.51,AZ,clear sky
404,Bay Roberts,47.5999,-53.2648,72.52,84,91,3.0,CA,overcast clouds
405,Mamakan,57.8161,114.0028,41.25,83,94,1.57,RU,overcast clouds
406,Mgandu,-5.95,34.1333,58.98,58,14,8.9,TZ,few clouds
407,Sao Joao Da Barra,-21.6403,-41.0511,71.33,74,0,22.48,BR,clear sky
408,Izhma,65.0083,53.9113,44.71,97,100,2.39,RU,light rain
409,Atambua,-9.1061,124.8925,74.84,76,14,3.33,ID,few clouds
410,Stykkisholmur,65.0757,-22.7297,47.28,89,50,5.79,IS,scattered clouds
411,Tilichiki,60.4667,166.1,56.08,70,31,6.13,RU,scattered clouds
412,Talas,38.6908,35.5538,63.27,52,0,3.44,TR,clear sky
413,Mbekenyera,-10.0,38.9833,62.87,92,1,3.38,TZ,clear sky
414,Kaitangata,-46.2817,169.8464,46.15,89,74,14.76,NZ,broken clouds
415,Anadyr,64.75,177.4833,45.1,75,75,13.42,RU,broken clouds
416,Sambava,-14.2667,50.1667,66.54,83,9,13.98,MG,clear sky
417,Labytnangi,66.6572,66.4183,44.83,80,100,19.84,RU,light rain
418,Roebourne,-20.7833,117.1333,66.52,87,100,0.56,AU,light rain
419,Christchurch,-43.5333,172.6333,61.48,71,75,2.3,NZ,broken clouds
420,Hovd,48.0056,91.6419,58.08,37,14,5.64,MN,few clouds
421,Novaya Ladoga,60.1025,32.3019,46.56,85,98,10.76,RU,overcast clouds
422,Kawalu,-7.3817,108.2082,72.09,97,97,2.08,ID,overcast clouds
423,Tarauaca,-8.1614,-70.7656,87.84,35,43,2.17,BR,scattered clouds
424,Svetlyy,54.675,20.1347,51.85,55,64,6.91,RU,broken clouds
425,Monteagudo,-19.8167,-63.9833,62.4,37,51,5.59,BO,broken clouds
426,Mogadishu,2.0371,45.3438,75.47,82,33,18.68,SO,scattered clouds
427,Nabire,-3.3667,135.4833,78.66,83,100,1.41,ID,overcast clouds
428,Iralaya,15.0,-83.2333,81.82,76,83,7.27,HN,broken clouds
429,Gubkinskiy,64.434,76.5026,44.37,73,100,13.27,RU,overcast clouds
430,Krasnoyarskiy,51.965,59.8967,74.05,33,66,6.82,RU,broken clouds
431,Fairlie,55.756,-4.8556,60.91,88,100,14.27,GB,heavy intensity rain
432,Ostersund,63.1792,14.6357,43.25,81,100,6.91,SE,overcast clouds
433,Bemidji,47.4736,-94.8803,70.18,56,0,11.5,US,clear sky
434,Ponta Delgada,37.7333,-25.6667,73.51,78,20,4.61,PT,few clouds
435,Agadez,19.75,10.25,92.41,20,1,5.26,NE,clear sky
436,Sibolga,1.7427,98.7792,74.79,92,100,2.62,ID,overcast clouds
437,Fukue,32.6881,128.8419,80.76,79,100,12.97,JP,heavy intensity rain
438,Shubarshi,48.5872,57.1869,79.03,18,45,13.76,KZ,scattered clouds
439,Snejbjerg,56.1387,8.899,52.39,80,89,8.12,DK,overcast clouds
440,Laguna,38.421,-121.4238,109.09,13,0,8.05,US,clear sky
441,Sabang,5.8933,95.3214,79.72,81,83,22.97,ID,broken clouds
442,Benghazi,32.1167,20.0667,80.47,72,1,8.08,LY,clear sky
443,Sola,-13.8833,167.55,79.25,79,80,21.45,VU,broken clouds
444,Matamoros,25.5333,-103.25,86.11,48,75,8.05,MX,broken clouds
445,Vysokogornyy,50.1167,139.15,58.8,77,3,4.92,RU,clear sky
446,Norsup,-16.0667,167.3833,79.2,74,88,13.71,VU,overcast clouds
447,Moshupa,-24.7782,25.4155,57.58,32,0,3.24,BW,clear sky
448,Jackson,42.4165,-122.8345,101.16,20,0,16.11,US,haze
449,Kargopol,61.5071,38.9456,41.49,95,52,8.95,RU,broken clouds
450,Phangnga,8.4509,98.5298,75.24,95,93,2.37,TH,overcast clouds
451,Hualmay,-11.0964,-77.6139,61.92,77,10,10.6,PE,clear sky
452,Coreau,-3.5333,-40.6567,77.94,63,32,4.29,BR,scattered clouds
453,Kamenka,51.3223,42.7678,45.57,61,37,7.27,RU,scattered clouds
454,Manokwari,-0.8667,134.0833,81.45,73,100,6.35,ID,overcast clouds
455,Miri,4.4148,114.0089,77.09,90,100,5.19,MY,overcast clouds
456,Bandarbeyla,9.4942,50.8122,75.43,78,84,22.35,SO,broken clouds
457,Darhan,49.4867,105.9228,54.68,66,11,6.62,MN,few clouds
458,Moth,25.7167,78.95,82.56,76,89,6.11,IN,overcast clouds
459,Hambantota,6.1241,81.1185,77.09,83,60,14.09,LK,light rain
460,Aklavik,68.2191,-135.0107,66.38,42,45,3.56,CA,scattered clouds
461,Helena,46.5927,-112.0361,94.24,20,0,12.66,US,clear sky
462,Ishinomaki,38.4167,141.3,72.1,80,64,5.3,JP,broken clouds
463,Ha Giang,22.8333,104.9833,75.72,96,100,1.66,VN,overcast clouds
464,Pathein,16.7833,94.7333,78.31,88,100,4.9,MM,overcast clouds
465,Kibungo,-2.1597,30.5427,63.39,78,81,1.54,RW,broken clouds
466,Puerto Escondido,15.85,-97.0667,81.43,69,100,3.44,MX,overcast clouds
467,Atbasar,51.8,68.3333,72.66,27,83,9.95,KZ,broken clouds
468,Umea,63.8284,20.2597,43.92,81,100,5.75,SE,overcast clouds
469,Tezu,27.9167,96.1667,75.72,98,100,0.83,IN,overcast clouds
470,Erenhot,43.6475,111.9767,64.94,48,96,17.45,CN,overcast clouds
471,Bayan,46.0833,127.4,59.74,79,28,4.63,CN,scattered clouds
472,Ambovombe,-25.1667,46.0833,61.7,82,6,9.08,MG,clear sky
473,Dalian,38.9122,121.6022,66.13,94,100,2.24,CN,overcast clouds
474,San Juan Bautista,-14.0108,-75.7358,68.22,50,0,5.35,PE,clear sky
475,El Dorado,38.7666,-120.5177,99.91,14,0,3.0,US,clear sky
476,Limot,7.0405,126.2727,80.06,76,91,1.01,PH,overcast clouds
477,Raudeberg,61.9875,5.1352,54.27,29,60,8.7,NO,broken clouds
478,Sorland,67.667,12.6934,51.66,63,9,8.66,NO,clear sky
479,Ahipara,-35.1667,173.1667,59.74,66,100,9.08,NZ,moderate rain
480,Verkhnevilyuysk,63.4453,120.3167,41.54,95,100,2.84,RU,overcast clouds
481,Mumford,5.2618,-0.759,73.87,93,32,9.37,GH,scattered clouds
482,Leh,34.1667,77.5833,59.58,46,82,4.85,IN,broken clouds
483,Nakatunguru,-2.1167,33.0667,73.0,69,60,5.59,TZ,light rain
484,Jalu,29.0331,21.5482,81.82,45,0,10.11,LY,clear sky
485,Ambon,-3.6954,128.1814,77.14,94,40,5.75,ID,scattered clouds
486,Narsaq,60.9167,-46.05,52.02,76,100,5.95,GL,overcast clouds
487,Ust-Barguzin,53.45,108.9833,53.91,83,80,2.01,RU,broken clouds
488,Yaval,21.1667,75.7,79.5,83,10,0.85,IN,clear sky
489,Aksu,41.1231,80.2644,69.55,28,2,2.89,CN,clear sky
490,Muisne,0.6,-80.0333,75.72,83,86,6.96,EC,overcast clouds
491,Zhezkazgan,47.8043,67.7144,76.21,25,0,4.68,KZ,clear sky
492,Xai-Xai,-25.0519,33.6442,59.79,72,0,9.66,MZ,clear sky
493,Mbandaka,0.0487,18.2603,67.24,99,91,3.65,CD,overcast clouds
494,Necochea,-38.5473,-58.7368,42.39,76,0,0.29,AR,clear sky
495,Pimentel,-6.8367,-79.9342,62.51,79,41,15.35,PE,scattered clouds
496,Mango,27.9797,-82.3065,87.91,100,100,8.05,US,overcast clouds
497,Lubuagan,17.3548,121.1747,70.41,93,100,4.45,PH,light rain
498,Axim,4.8699,-2.2405,73.85,94,44,5.84,GH,scattered clouds
499,Giyani,-23.3025,30.7187,60.37,40,0,3.91,ZA,clear sky
500,Najran,17.4924,44.1277,78.87,31,52,4.12,SA,broken clouds
501,Skibbereen,51.55,-9.2667,51.12,85,100,13.22,IE,overcast clouds
502,Kapit,2.0167,112.9333,74.46,100,100,0.87,MY,overcast clouds
503,Fare,-16.7,-151.0167,78.67,66,1,19.64,PF,clear sky
504,Luderitz,-26.6481,15.1594,53.69,80,0,10.04,NA,clear sky
505,Torres,-29.3353,-49.7269,60.82,91,100,14.94,BR,overcast clouds
506,Totness,5.8833,-56.3167,80.29,84,95,8.1,SR,overcast clouds
507,Banepa,27.6298,85.5214,68.32,94,75,0.0,NP,broken clouds
508,Mackenzie,55.2999,-123.1698,79.7,34,60,9.33,CA,broken clouds
509,Asfi,32.2994,-9.2372,71.91,74,100,14.03,MA,overcast clouds
510,Nunoa,-14.48,-70.6411,46.56,41,73,9.33,PE,broken clouds
511,Caravelas,-17.7125,-39.2481,69.76,71,94,5.26,BR,overcast clouds
512,Lodja,-3.4833,23.4333,67.69,99,99,0.56,CD,overcast clouds
513,Fomboni,-12.28,43.7425,74.59,72,1,3.53,KM,clear sky
514,La Paz,-16.5,-68.15,45.1,67,62,12.06,BO,broken clouds
515,Road Town,18.4167,-64.6167,80.69,100,40,9.22,VG,moderate rain
516,Kondinskoye,59.6481,67.41,57.72,95,100,7.74,RU,light rain
517,Namtsy,62.7161,129.6658,43.65,89,100,9.04,RU,overcast clouds
518,Puerto Asis,0.5133,-76.5007,79.05,77,95,1.63,CO,light rain
519,Baykit,61.67,96.37,41.83,94,97,3.69,RU,overcast clouds
520,Santa Rosa,14.3122,121.1114,77.11,94,100,10.11,PH,moderate rain
521,Sikasso,10.9167,-7.0,72.1,94,61,3.91,ML,light rain
522,Lebyazhye,55.2689,66.4947,65.3,50,59,7.23,RU,broken clouds
523,Miraflores,19.2167,-98.8083,74.16,76,97,1.92,MX,overcast clouds
524,Naberera,-4.2,36.9333,56.91,80,18,8.16,TZ,few clouds
525,Yichang,30.7144,111.2847,71.62,61,89,3.44,CN,overcast clouds
526,Seoul,37.5683,126.9778,69.19,66,79,4.68,KR,broken clouds
527,Nuuk,64.1835,-51.7216,48.81,93,75,20.0,GL,light snow
528,Ouesso,1.6136,16.0517,66.4,99,79,1.16,CG,broken clouds
529,Farmington,36.7281,-108.2187,97.48,15,0,9.22,US,clear sky
530,Tamandare,-8.7597,-35.1047,73.9,82,51,10.0,BR,broken clouds
531,Cam Ranh,11.9214,109.1591,76.96,88,20,0.0,VN,few clouds
532,Sao Gabriel Da Cachoeira,-0.1303,-67.0892,76.77,80,87,3.11,BR,overcast clouds
533,Haimen,23.1935,116.6142,75.72,68,1,10.33,CN,clear sky
534,Beringovskiy,63.05,179.3167,51.08,58,36,5.84,RU,scattered clouds
535,Praia,14.9215,-23.5087,79.66,85,30,11.95,CV,scattered clouds
536,Fortuna,40.5982,-124.1573,66.92,83,75,10.36,US,broken clouds
537,Rangpur,25.75,89.25,76.51,96,96,9.35,BD,overcast clouds
538,Jiwani,25.05,61.7417,79.12,84,100,4.88,PK,overcast clouds
539,Avezzano,42.0402,13.4388,62.69,74,24,4.0,IT,few clouds
540,Half Moon Bay,37.4636,-122.4286,91.58,67,0,24.16,US,clear sky
541,Vao,-22.6667,167.4833,72.3,71,100,15.17,NC,overcast clouds
542,Nishihara,26.1842,127.7558,78.46,94,75,25.32,JP,shower rain
543,Toppenish,46.3774,-120.3087,97.72,8,0,5.28,US,clear sky
544,Plettenberg Bay,-34.0527,23.3716,54.73,81,47,5.66,ZA,scattered clouds
545,Valparaiso,-33.0393,-71.6273,57.47,82,0,5.75,CL,clear sky
546,Nadadores,27.05,-101.6,79.48,78,75,9.22,MX,broken clouds
547,Napier,-39.4833,176.9167,59.29,62,97,10.0,NZ,overcast clouds
548,Parana,-31.732,-60.5238,56.5,73,0,6.53,AR,clear sky
549,Netarhat,23.4833,84.2667,68.36,92,100,3.09,IN,overcast clouds
550,Songjianghe,42.1859,127.479,59.05,69,0,2.77,CN,clear sky
551,Matara,5.9485,80.5353,75.18,93,73,8.39,LK,broken clouds
552,Roma,43.2128,-75.4557,75.72,61,0,5.75,US,clear sky
553,Paamiut,61.994,-49.6678,49.87,72,100,33.49,GL,light rain
554,Simbahan,6.3032,120.5836,82.81,76,100,5.77,PH,overcast clouds
555,Shache,38.4167,77.2406,74.71,35,13,4.47,CN,few clouds
556,Turinskaya Sloboda,57.6232,64.3858,57.61,95,71,5.88,RU,broken clouds
557,Camalu,30.85,-116.0667,83.17,56,0,10.16,MX,clear sky
558,The Valley,18.217,-63.0578,81.1,80,81,19.39,AI,broken clouds
559,Zhigansk,66.7697,123.3711,39.81,89,100,8.86,RU,overcast clouds
560,Athabasca,54.7169,-113.2854,87.98,21,39,12.55,CA,scattered clouds
561,Santa Isabel Do Rio Negro,-0.4139,-65.0192,80.94,73,82,0.43,BR,moderate rain
562,Marzuq,14.4,46.4667,78.42,58,25,1.81,YE,scattered clouds
563,Mahuta,-10.8667,39.45,61.93,92,30,2.57,TZ,scattered clouds
564,Edson,53.5835,-116.4356,87.76,20,6,3.24,CA,clear sky
565,Vaida,59.2906,24.9658,49.93,71,20,5.75,EE,few clouds
566,Aksha,50.2814,113.2867,52.81,78,60,2.28,RU,broken clouds
567,Kavaratti,10.5669,72.642,79.68,82,86,13.02,IN,overcast clouds
568,Dunedin,-45.8742,170.5036,51.8,81,44,3.0,NZ,scattered clouds
569,Kulhudhuffushi,6.6221,73.07,79.45,83,33,19.98,MV,scattered clouds
570,Kiama,-34.6833,150.8667,51.39,90,100,3.0,AU,light rain
571,Haines Junction,60.7522,-137.5108,46.87,94,100,4.03,CA,overcast clouds
572,Comitancillo,15.0833,-91.7167,62.91,98,100,3.69,GT,overcast clouds
573,Vung Tau,10.346,107.0843,81.05,83,100,5.5,VN,overcast clouds
574,Avera,33.194,-82.5271,78.39,63,85,6.62,US,overcast clouds
575,Great Falls,47.5002,-111.3008,91.67,19,0,9.22,US,clear sky
576,Williston,48.147,-103.618,79.81,27,5,1.99,US,clear sky
577,Henties Bay,-22.116,14.2845,54.18,92,1,4.29,NA,clear sky
578,Shakawe,-18.3667,21.85,57.69,27,0,6.04,BW,clear sky
579,Riohacha,11.5444,-72.9072,81.73,75,100,13.85,CO,overcast clouds
580,Mount Gambier,-37.8333,140.7667,51.62,78,34,6.02,AU,scattered clouds
581,Tura,25.5198,90.2201,73.22,98,99,5.82,IN,overcast clouds
582,Mamallapuram,12.6264,80.1722,80.65,83,45,9.82,IN,scattered clouds
583,Susangerd,31.5608,48.1831,96.85,10,0,7.45,IR,clear sky
584,Alugan,12.2188,125.4808,80.8,84,100,6.64,PH,light rain
585,Vestmanna,62.1564,-7.1664,54.52,82,100,12.66,FO,overcast clouds
586,Tongliao,43.6125,122.2653,60.58,68,80,8.46,CN,broken clouds
587,Oum Hadjer,13.2954,19.6966,80.85,70,54,9.55,TD,broken clouds
588,Znamenskoye,57.1281,73.8282,57.43,58,98,13.56,RU,overcast clouds
589,Cananeia,-25.0147,-47.9267,66.54,82,16,2.15,BR,few clouds
590,Homer,59.6425,-151.5483,58.87,76,75,8.05,US,broken clouds
591,Chaguanas,10.5167,-61.4167,81.16,58,31,6.08,TT,scattered clouds
592,Karachi,24.9056,67.0822,80.42,83,40,6.91,PK,scattered clouds
593,Aasiaat,68.7098,-52.8699,39.94,98,100,4.25,GL,light rain
594,Kenai,60.5544,-151.2583,58.14,65,57,8.48,US,broken clouds
595,Kokopo,-4.352,152.2633,82.72,66,58,2.13,PG,broken clouds
596,Puksoozero,62.5903,40.6066,42.51,95,100,11.21,RU,overcast clouds
597,Mahibadhoo,3.7833,72.9667,80.38,81,8,17.45,MV,clear sky
598,Kumbo,6.2,10.6667,55.99,94,100,3.24,CM,overcast clouds
599,Policoro,40.2115,16.6726,72.82,72,51,1.97,IT,broken clouds
600,Igrim,63.1906,64.4162,50.43,97,100,7.52,RU,overcast clouds
601,Port Lincoln,-34.7333,135.8667,53.83,63,68,14.58,AU,broken clouds
602,Bayshore Gardens,27.4253,-82.5904,88.03,70,20,3.44,US,few clouds
603,Pontianak,-0.0333,109.3333,75.18,94,75,6.91,ID,light rain
604,Burnie,-41.0667,145.9167,50.94,59,6,5.59,AU,clear sky
605,Qasigiannguit,68.8193,-51.1922,46.65,97,100,4.34,GL,overcast clouds
606,Ambilobe,-13.2,49.05,66.81,77,54,4.45,MG,broken clouds
607,Okhotsk,59.3833,143.3,55.6,60,80,16.35,RU,broken clouds
608,Rio Grande,-32.035,-52.0986,53.71,78,13,19.06,BR,few clouds
609,Yorosso,12.3536,-4.7761,70.83,95,52,4.83,ML,light rain
610,Kapoeta,4.7717,33.5903,75.99,71,60,6.35,SS,broken clouds
611,Severo-Kurilsk,50.6789,156.125,53.26,92,95,10.47,RU,overcast clouds
612,Balabac,7.9868,117.0645,81.37,81,98,3.4,PH,overcast clouds
613,Temuco,-38.7333,-72.6,51.57,90,0,4.16,CL,clear sky
614,Buala,-8.145,159.5921,83.08,72,56,7.2,SB,light rain
615,Arman,59.7,150.1667,57.02,93,93,7.36,RU,overcast clouds
616,Zhob,31.3411,69.4481,76.03,52,0,3.22,PK,clear sky
617,Kruszwica,52.6756,18.3313,53.15,74,3,8.46,PL,clear sky
618,Opuwo,-18.0607,13.84,66.9,26,4,2.62,NA,clear sky
619,Bantogon,6.5333,124.0333,79.38,81,100,2.04,PH,overcast clouds
620,Cabo Rojo,18.0866,-67.1457,83.97,80,25,7.56,PR,scattered clouds
621,Manta,-0.95,-80.7333,73.18,78,75,13.8,EC,broken clouds
622,Wau,7.7029,27.9953,69.87,93,89,6.69,SS,overcast clouds
623,Wanning,18.8003,110.3967,78.67,90,100,4.07,CN,overcast clouds
624,Carai,-17.1889,-41.6947,58.55,73,2,3.53,BR,clear sky
625,Campbell River,50.0163,-125.2446,75.45,54,97,3.49,CA,overcast clouds
626,Bo Rai,12.5728,102.5371,82.72,94,100,1.1,TH,overcast clouds
627,Plavinas,56.6178,25.7255,41.22,92,8,3.04,LV,clear sky
628,Kijang,35.2442,129.2139,74.93,90,100,18.66,KR,overcast clouds
629,Muros,42.7762,-9.0603,58.84,84,0,6.11,ES,clear sky
630,Pietarsaari,63.65,22.6833,45.0,90,100,13.56,FI,light rain
631,Staryy Nadym,65.6118,72.6842,48.22,64,100,19.53,RU,overcast clouds
632,Koscierzyna,54.1223,17.9812,51.51,74,12,5.77,PL,few clouds
633,Manuk Mangkaw,4.8,119.85,83.66,73,98,6.35,PH,overcast clouds
634,Shimanovsk,52.0,127.7,62.55,75,25,3.98,RU,scattered clouds
635,Lasa,46.6166,10.7002,60.37,95,87,2.33,IT,overcast clouds
636,Mildura,-34.2,142.15,46.08,85,0,17.65,AU,clear sky
637,Jacmel,18.2342,-72.5347,84.04,83,100,2.51,HT,overcast clouds
638,Sao Felix Do Xingu,-6.6447,-51.995,79.84,29,16,1.41,BR,few clouds
639,Kirillov,59.863,38.3813,42.58,96,86,8.7,RU,overcast clouds
640,Colon,9.3592,-79.9014,82.45,74,100,8.01,PA,overcast clouds
641,Purranque,-40.9167,-73.1667,47.53,90,0,3.15,CL,clear sky
642,Villa Del Rosario,7.8339,-72.4742,80.98,69,40,9.22,CO,scattered clouds
643,Vanimo,-2.6741,141.3028,81.48,76,65,7.09,PG,broken clouds
644,Sioux Lookout,50.1001,-91.917,65.48,44,26,13.33,CA,scattered clouds
645,Alofi,-19.0595,-169.9187,74.28,80,100,6.33,NU,light rain
646,Cidreira,-30.1811,-50.2056,57.13,84,94,16.31,BR,overcast clouds
647,Kapitanivka,48.9172,31.7167,58.69,38,100,6.76,UA,overcast clouds
648,Punta Cardon,11.6581,-70.215,83.61,72,100,18.81,VE,overcast clouds
649,Pombia,45.653,8.6336,70.25,78,0,5.75,IT,clear sky
650,Tigzirt,36.8886,4.1198,81.99,51,99,6.42,DZ,overcast clouds
651,Aden,12.7794,45.0367,85.15,76,63,12.48,YE,broken clouds
652,Alakurtti,66.9672,30.3491,41.7,94,100,11.45,RU,overcast clouds
653,Dubai,25.2582,55.3047,89.53,74,83,5.75,AE,haze
654,Marsaxlokk,35.8419,14.5431,80.08,88,0,2.3,MT,clear sky
655,Saveh,35.0213,50.3566,80.22,12,0,3.6,IR,clear sky
656,Ilheus,-14.7889,-39.0494,69.53,87,88,6.87,BR,overcast clouds
657,Suluq,31.6682,20.2521,78.75,72,0,7.36,LY,clear sky
658,Tignere,7.3667,12.65,61.11,99,93,1.7,CM,overcast clouds
659,Zhangjiakou,40.81,114.8794,61.29,69,90,1.57,CN,light rain
660,Rawson,-43.3002,-65.1023,58.21,40,0,9.57,AR,clear sky
661,Masvingo,-20.0637,30.8277,53.15,62,11,3.69,ZW,few clouds
662,Ananindeua,-1.3656,-48.3722,78.71,83,40,10.36,BR,scattered clouds
663,Leshukonskoye,64.8989,45.7622,44.47,93,100,1.23,RU,overcast clouds
664,Ambulu,-8.345,113.6058,73.44,91,10,2.35,ID,clear sky
665,Gold Coast,-28.0,153.4333,63.0,96,75,16.11,AU,moderate rain
666,Saint-Georges,12.0564,-61.7485,81.46,71,39,4.92,GD,scattered clouds
667,Nalut,30.3333,10.85,87.89,23,0,15.01,LY,clear sky
668,Nenjiang,49.1833,125.2167,63.55,57,76,6.26,CN,broken clouds
669,Villa Carlos Paz,-31.4241,-64.4978,55.89,15,2,4.0,AR,clear sky
670,Benton Harbor,42.1167,-86.4542,83.16,56,0,6.91,US,clear sky
671,Tutoia,-2.7619,-42.2744,78.51,82,20,12.84,BR,few clouds
672,Tahta,26.7693,31.5021,84.79,33,5,9.44,EG,clear sky
673,Port Shepstone,-30.7414,30.455,71.4,53,24,6.26,ZA,few clouds
674,Mitu,1.1983,-70.1733,76.91,83,85,2.42,CO,moderate rain
675,Saint Stephen,50.3333,-4.9,62.87,88,75,4.61,GB,broken clouds
676,Abnub,27.2696,31.1511,83.98,35,1,12.91,EG,clear sky
677,Pochutla,15.7432,-96.4661,76.82,92,100,2.21,MX,overcast clouds
678,Cranbrook,49.4999,-115.7688,87.64,23,100,8.05,CA,smoke
679,Grand Gaube,-20.0064,57.6608,68.4,74,0,1.99,MU,clear sky
680,Sterlibashevo,53.4376,55.2578,53.62,45,68,4.63,RU,broken clouds
681,Lunino,53.5918,45.2271,42.37,72,10,6.26,RU,clear sky
682,Weifang,36.71,119.1019,63.97,84,43,1.25,CN,scattered clouds
683,Shitanjing,39.2342,106.3439,64.54,59,100,3.49,CN,overcast clouds
684,Moche,-8.1711,-79.0092,60.98,82,5,9.22,PE,fog
685,Murupara,-38.4667,176.7,58.68,60,87,5.39,NZ,overcast clouds
686,Lianran,24.9227,102.485,60.66,98,95,2.15,CN,overcast clouds
687,Zaraza,9.3503,-65.3245,75.2,94,81,4.54,VE,broken clouds
688,Honiara,-9.4333,159.95,84.2,69,23,7.29,SB,few clouds
689,Tourlaville,49.6383,-1.5664,60.22,94,20,3.44,FR,few clouds
690,Bella Union,-30.2752,-57.6007,52.9,77,1,9.84,UY,clear sky
691,La Crosse,43.8014,-91.2396,84.9,66,0,14.97,US,clear sky
692,Omaruru,-21.4333,15.9333,63.64,44,0,5.19,NA,clear sky
693,Virar,19.4667,72.8,80.69,87,6,2.08,IN,clear sky
694,Hudiksvall,61.729,17.1036,47.48,69,94,2.04,SE,overcast clouds
695,Naifaru,5.4444,73.3657,79.48,80,13,18.79,MV,few clouds
696,Nouakchott,18.0858,-15.9785,80.53,78,62,12.26,MR,broken clouds
697,Raga,8.4596,25.678,68.16,98,92,5.88,SS,light rain
698,Tarquinia,42.2482,11.7553,73.58,70,64,1.12,IT,broken clouds
699,Lavumisa,-27.31,31.892,59.61,78,0,5.12,SZ,clear sky
700,Yerbogachen,61.2767,108.0108,39.58,89,100,5.66,RU,overcast clouds
701,Ahtopol,42.1,27.95,72.25,87,83,1.48,BG,light rain
702,San Patricio,28.017,-97.5169,89.55,58,99,13.27,US,overcast clouds
703,Gladstone,-23.85,151.25,71.78,83,100,9.22,AU,overcast clouds
704,Turukhansk,65.8167,87.9833,35.01,89,5,1.14,RU,clear sky
